ID,Hotels,Type,Region,Rating,Popularity,Opening_Hours,Budget,Facilities
1,The Nile Ritz-Carlton,Luxury,Cairo,4.6,High,24/7,High,"Spa, Pool, Gym, Restaurant"
2,Kempinski Nile Hotel,Luxury,Cairo,4.4,High,24/7,High,"Spa, Pool, Gym, Restaurant"
3,Four Seasons Hotel Alexandria at San Stefano,Luxury,Alexandria,4.7,Medium,24/7,High,"Spa, Pool, Gym, Restaurant"
4,Helnan Palestine Hotel,Luxury,Alexandria,4.3,High,24/7,Medium,"Pool, Gym, Restaurant"
5,Sofitel Winter Palace Luxor,Luxury,Luxor,4.5,Medium,24/7,High,"Spa, Pool, Gym, Restaurant"
6,Steigenberger Nile Palace,Luxury,Luxor,4.4,High,24/7,Medium,"Spa, Pool, Gym, Restaurant"
7,Movenpick Resort Aswan,Luxury,Aswan,4.3,Medium,24/7,High,"Spa, Pool, Gym, Restaurant"
8,Pyramisa Isis Island Aswan,Luxury,Aswan,4.1,High,24/7,Medium,"Spa, Pool, Restaurant"
9,Mena House Hotel,Luxury,Giza,4.8,High,24/7,High,"Spa, Pool, Gym, Restaurant"
10,Le MÃ©ridien Pyramids Hotel & Spa,Luxury,Giza,4.5,High,24/7,High,"Spa, Pool, Gym, Restaurant"
11,Hilton Cairo Zamalek Residences,Luxury,Cairo,4.4,High,24/7,High,"Spa, Pool, Gym, Restaurant"
12,Fairmont Nile City,Luxury,Cairo,4.6,High,24/7,High,"Spa, Pool, Gym, Restaurant"
13,Conrad Cairo,Luxury,Cairo,4.5,High,24/7,High,"Spa, Pool, Gym, Restaurant"
14,JW Marriott Hotel Cairo,Luxury,Cairo,4.5,High,24/7,High,"Spa, Pool, Gym, Restaurant"
15,InterContinental Cairo Semiramis,Luxury,Cairo,4.4,High,24/7,High,"Spa, Pool, Gym, Restaurant"
16,"Marriott Mena House, Cairo",Luxury,Giza,4.7,Medium,24/7,High,"Spa, Pool, Gym, Restaurant"
17,Ramses Hilton,Luxury,Cairo,4.2,Medium,24/7,Medium,"Spa, Pool, Gym, Restaurant"
18,Sheraton Cairo Hotel & Casino,Luxury,Cairo,4.4,Medium,24/7,Medium,"Spa, Pool, Gym, Restaurant"
19,Novotel Cairo El Borg,Mid-Range,Cairo,4.1,Medium,24/7,Medium,"Pool, Gym, Restaurant"
20,Holiday Inn Cairo Maadi,Mid-Range,Cairo,4,High,24/7,Medium,"Pool, Gym, Restaurant"
21,Tolip Alexandria,Luxury,Alexandria,4.2,Medium,24/7,High,"Spa, Pool, Gym, Restaurant"
22,Hilton Alexandria Corniche,Luxury,Alexandria,4.1,Medium,24/7,Medium,"Spa, Pool, Gym, Restaurant"
23,Sheraton Montazah Hotel,Luxury,Alexandria,4,Medium,24/7,Medium,"Spa, Pool, Gym, Restaurant"
24,"Radisson Blu Hotel, Alexandria",Luxury,Alexandria,4.1,Medium,24/7,Medium,"Spa, Pool, Gym, Restaurant"
25,Helnan Royal Hotel - Palestine,Luxury,Alexandria,4.2,Medium,24/7,Medium,"Spa, Pool, Gym, Restaurant"
26,Steigenberger Cecil Hotel Alexandria,Luxury,Alexandria,4.2,Medium,24/7,Medium,"Spa, Pool, Gym, Restaurant"
27,Cherry Maryski Hotel,Mid-Range,Alexandria,4,High,24/7,Medium,"Pool, Gym, Restaurant"
28,Hilton Luxor Resort & Spa,Luxury,Luxor,4.5,High,24/7,High,"Spa, Pool, Gym, Restaurant"
29,Sonesta St. George Hotel Luxor,Luxury,Luxor,4.6,Medium,24/7,High,"Spa, Pool, Gym, Restaurant"
30,Mercure Luxor Karnak,Mid-Range,Luxor,4.2,High,24/7,Medium,"Pool, Gym, Restaurant"
31,Jolie Ville Resort & Spa Kings Island Luxor,Luxury,Luxor,4.4,Medium,24/7,High,"Spa, Pool, Gym, Restaurant"
32,Iberotel Luxor,Mid-Range,Luxor,4.3,Medium,24/7,Medium,"Spa, Pool, Gym, Restaurant"
33,Achti Resort Luxor,Luxury,Luxor,4.1,High,24/7,Medium,"Spa, Pool, Gym, Restaurant"
34,Maritim Jolie Ville Resort & Casino Sharm El Sheikh,Luxury,Sharm El Sheikh,4.3,Medium,24/7,High,"Spa, Pool, Gym, Restaurant"
35,"Sheraton Sharm Hotel, Resort, Villas & Spa",Luxury,Sharm El Sheikh,4.1,Medium,24/7,Medium,"Spa, Pool, Gym, Restaurant"
36,Baron Resort Sharm El Sheikh,Luxury,Sharm El Sheikh,4,Medium,24/7,Medium,"Spa, Pool, Gym, Restaurant"
37,Renaissance Sharm El Sheikh Golden View Beach Resort,Luxury,Sharm El Sheikh,4.2,High,24/7,Medium,"Pool, Gym, Restaurant"
38,Sofitel Legend Old Cataract Aswan,Mid-Range,Aswan,4.9,Medium,24/7,High,"Spa, Pool, Gym, Restaurant"
39,Basma Hotel Aswan,Mid-Range,Aswan,4.1,Medium,24/7,Medium,"Spa, Pool, Gym, Restaurant"
40,Hapi Hotel,Mid-Range,Aswan,3.8,Medium,24/7,Medium,"Spa, Pool, Gym, Restaurant"
41,Philae Hotel Aswan,Luxury,Aswan,3.9,Medium,24/7,Medium,"Spa, Pool, Gym, Restaurant"
42,Pyramisa Suites Hotel Cairo,Luxury,Cairo,4,High,24/7,Medium,"Spa, Pool, Gym, Restaurant"
43,Le Passage Cairo Hotel & Casino,Luxury,Cairo,4.2,High,24/7,High,"Spa, Pool, Gym, Restaurant"
44,The Gabriel Hotel,Luxury,Cairo,4.2,High,24/7,Medium,"Spa, Pool, Gym, Restaurant"
45,Dusit Thani LakeView Cairo,Luxury,Cairo,4.3,High,24/7,Medium,"Spa, Pool, Gym, Restaurant"
46,Royal Maxim Palace Kempinski Cairo,Luxury,Cairo,4.3,High,24/7,High,"Spa, Pool, Gym, Restaurant"
47,"The St. Regis Almasa Hotel, Cairo",Luxury,Cairo,4.4,High,24/7,Medium,"Spa, Pool, Gym, Restaurant"
48,Triumph Plaza Hotel,Mid-Range,Cairo,4.2,High,24/7,Medium,"Spa, Pool, Gym, Restaurant"
49,Tiba Pyramids Hotel,Mid-Range,Giza,3.9,Medium,24/7,Medium,"Spa, Pool, Gym, Restaurant"
50,Barcelo Cairo Pyramids,Mid-Range,Giza,3.8,Medium,24/7,Medium,"Spa, Pool, Gym, Restaurant"
51,Pyramids Park Resort Cairo,Mid-Range,Giza,3.8,Medium,24/7,Medium,"Spa, Pool, Gym, Restaurant"
52,Cataract Pyramids Resort,Mid-Range,Giza,3.8,Medium,24/7,Medium,"Spa, Pool, Gym, Restaurant"
53,Swiss Inn Pyramids Golf Resort & Swiss Inn Plaza,Mid-Range,Giza,3.8,Medium,24/7,Medium,"Spa, Pool, Gym, Restaurant"
54,Aracan Pyramids Hotel,Luxury,Giza,3.9,Medium,24/7,Medium,"Spa, Pool, Gym, Restaurant"
55,Grand Pyramids Hotel,Mid-Range,Giza,3.8,High,24/7,Medium,"Spa, Pool, Gym, Restaurant"
56,Soluxe Cairo Hotel,Mid-Range,Cairo,3.7,Medium,24/7,Medium,"Spa, Pool, Gym, Restaurant"
57,Golden Tulip Hotel Flamenco Cairo,Mid-Range,Cairo,4.1,Medium,24/7,Medium,"Spa, Pool, Gym, Restaurant"
58,Om Kolthoom Hotel & Tower,Mid-Range,Cairo,3.8,Medium,24/7,Medium,"Spa, Pool, Gym, Restaurant"
59,New Garden Palace Hotel,Budget,Cairo,3.6,Medium,24/7,Medium,"Spa, Pool, Gym, Restaurant"
60,Cairo Khan Hotel,Budget,Cairo,3.8,Medium,24/7,Medium,"Spa, Pool, Gym, Restaurant"
61,City View Hotel,Budget,Cairo,3.8,Medium,24/7,Medium,"Spa, Pool, Gym, Restaurant"
62,Lotus Hotel,Budget,Cairo,3.5,Medium,24/7,Medium,"Spa, Pool, Gym, Restaurant"
63,Happy City Hotel,Budget,Cairo,3.4,Medium,24/7,Medium,"Spa, Pool, Gym, Restaurant"
64,Capsis Palace Hotel,Budget,Cairo,3.6,Medium,24/7,Medium,"Spa, Pool, Gym, Restaurant"
65,Talisman Hotel,Budget,Cairo,3.5,Medium,24/7,Medium,"Spa, Pool, Gym, Restaurant"
66,Sara Hotel Aswan,Budget,Aswan,3.3,Medium,24/7,Medium,"Spa, Pool, Gym, Restaurant"
67,Citymax Hotel Aswan,Budget,Aswan,3.5,Medium,24/7,Medium,"Spa, Pool, Gym, Restaurant"
68,Nuba Nile Hotel,Mid-Range,Aswan,3.6,Medium,24/7,Medium,"Spa, Pool, Gym, Restaurant"
69,Nile Hotel Aswan,Mid-Range,Aswan,3.4,Medium,24/7,Medium,"Spa, Pool, Gym, Restaurant"
70,Amon Hotel Luxor,Budget,Luxor,3.4,Medium,24/7,Medium,"Spa, Pool, Gym, Restaurant"
71,New Pola Hotel Luxor,Mid-Range,Luxor,3.5,Medium,24/7,Medium,"Spa, Pool, Gym, Restaurant"
72,"Gaddis Hotel, Suites and Apartments",Mid-Range,Luxor,3.6,Medium,24/7,Medium,"Spa, Pool, Gym, Restaurant"
73,Pavillon Winter Luxor,Luxury,Luxor,3.4,Medium,24/7,Medium,"Spa, Pool, Gym, Restaurant"
74,Sunrise Holidays Resort Hurghada,Luxury,Hurghada,3.8,Medium,24/7,Medium,"Spa, Pool, Gym, Restaurant"
75,Hilton Hurghada Plaza,Luxury,Hurghada,3.9,High,24/7,Medium,"Spa, Pool, Gym, Restaurant"
76,Steigenberger ALDAU Beach Hotel,Luxury,Hurghada,3.7,High,24/7,Medium,"Spa, Pool, Gym, Restaurant"
77,Jaz Aquamarine Resort,Luxury,Hurghada,4.2,High,24/7,Medium,"Spa, Pool, Gym, Restaurant"
78,Baron Palace Sahl Hasheesh,Luxury,Hurghada,4.4,High,24/7,Medium,"Spa, Pool, Gym, Restaurant"
79,Sunrise Crystal Bay Resort - Grand Select,Luxury,Hurghada,4.4,High,24/7,Medium,"Spa, Pool, Gym, Restaurant"
80,Desert Rose Resort,Luxury,Hurghada,4.5,High,24/7,Medium,"Spa, Pool, Gym, Restaurant"
81,Tropitel Sahl Hasheesh,Luxury,Hurghada,4.6,High,24/7,Medium,"Spa, Pool, Gym, Restaurant"
